"PROJECT_ID","PROJECT_NAME","PROJECT_TYPE","START_DATE","END_DATE","PROJECT_COST","VISA_REQUIRED","SPECIAL_REQUIREMENT","CRB_CHECK_REQUIRED","CRB_CHECK_COMPLETED","DRIVING_INSURANCE_COVERED","GOVERNMENT_FUNDED","CRIMINAL_SENTANCE","EXTERNAL_SPONSOR","PRIVATE_SPONSOR","CONSERVATION_CLASS","IMPACT_ANALYSIS_REQUIRED","PROJECT_LOCATION_ID"
"1","Indonesia Summer 2001","conservation","01/02/2001","01/02/2002","2000","Yes","Hard Working","Yes","No","","","","RedBull","No","Yes","59","1"
"2","Finland Winter 2001","Deforestation awarness","01/02/2003","01/02/2004","3000","Yes","Intelligent","Yes","No","","","VolksWagen","Snergy","No","9","58","2"
"3","Unity Fiesta 2001","Game Design","01/02/2005","01/02/2006","2003","Yes","Astute","Yes","No","Yes","No","","Wowz","No","Yes","57","3"
"4","CryEngine Demo","Game Demo","01/02/2007","01/02/2008","1234","Yes","Bright","No","No","No","Yes","Maruti","Tata","No","Yes","56","4"
"5","Switzerland Summer 2001","Conservation","01/02/2007","01/02/2008","20020","Yes","Brilliant","Yes","Yes","Yes","No","Hyundai","Gment","No","Yes","55","5"
"6","France Trance","Trance Festival","01/02/2001","01/04/2002","2222","Yes","Creative","Yes","No","No","No","Shake","B&R","No","Yes","54","6"
"7","Summer 1995","Awarness","01/02/2001","01/02/2002","2000","Yes","Imaginative","No","Yes","Yes","No","Checker","","","","52","7"
"8","Lei The Summer Queen 1951","Protection Form UV Rays","01/02/2005","01/10/2002","8922","Yes","Inventive","Yes","Yes","Yes","No","Raymonds","Shrestha","No","Yes","52","8"
"9","Malaysia Sinker 2001","Sinkination","01/02/2001","01/12/2001","9000","No","Original","Yes","Yes","No","Yes","WittyInc","Highbrow","No","","41","9"
"10","Philiphines Genting 2001","Awarness on TSunami","01/02/2000","01/02/2002","2222","Yes","Rational","Yes","No","No","Yes","Sharp","","","","21","10"
