"VOLUNTEER_ID","TITLE","NAME","UNIVERSITYREFNO","ADDRESS_LINE_1","POSTCODE","MOBILE_NUMBER","HOME_NUMBER","EMAIL","ETHNIC_GROUP","VOLUNTEER_TYPE","REGISTER_DISABLE","GENDER","MEDICAL_DETAILS","PASSPORT_NUMBER","NATIONALITY","PASSPORT_EXPIRY_DATE","DATE_OF_BIRTH","COURSE_NAME","COURSE_YEAR","AREA_OF_WORK","STAFF_MANAGER_NAME","STAFF_MANAGER_EMAIL","STAFF_MANAGER_PHONE","TEAM_LEADER"
"1","Mr","Bloodseeker","Leeds","UK","4123","7876565371","8767654","bloodseeker@gmail.com","Magar","Student","Yes","M","Cancer","12345","Australian","0","01/01/2002","Computing","2016","Computer","","","","1"
"2","Mrs","Lina","Queens","UK","4123","7876565373","8767653","lina@gmail.com","Cheetri","Student","No","F","Diabities","12346","French","0","01/01/1997","Computing","2016","Computing","","","","2"
"3","Mrs","Luna","QueensLand","Australia","4124","7876565374","8767652","luna@gmail.com","Bhahun","Teacher","Yes","F","Pressure","12347","Nepali","0","01/01/1992","Health","2016","Farm","","","","3"
"4","Mrs","Mirana","Sydney","Australia","4124","7876565375","8767651","mirana@gmail.com","Newar","Farmer","Yes","F","Fracture","12348","American","0","01/01/1995","Health","2016","Health","","","","4"
"5","Mrs","Rylai","Manchester","UK","4123","7876565376","8767650","ryalia@gmail.com","Hindu","Manager","Yes","F","Flu","12349","Japanese","0","01/01/1997","Computing","2019","Computing","","","","5"
"6","Mr","Wraith","Liverpool","UK","4123","7876565377","8767655","wraith@gmail.com","Magar","Student","No","M","Gastick","12340","Mongolian","0","01/01/1998","Science","2016","Farm","","","","6"
"7","Mr","Mage","Manchester","UK","4123","7876565378","8767656","mage@gmail.com","Magar","Manager","Yes","M","Malaria","12344","Korean","0","01/01/1998","Farming","2011","Health","","","","7"
"8","Mr","Void","Chelsea","UK","4123","7876565379","8767657","void@gmail.com","Newar","Scientist","No","M","Backache","12343","African","0","01/01/1995","Science","2016","Programmer","","","","8"
"9","Mr","Kunkka","London","UK","4123","7876565370","8767658","kunkaa@gmail.com","Debeasi","Student","Yes","M","Daibitis","12342","Chinese","0","01/01/2000","Computing","2012","Health","Chun li","chunli@gmail.oom","9876766545",""
"10","Mrs","Venegar","Ham","UK","4123","7876565372","8767659","venegar@gmail.com","Rhodes","Farmer","Yes","F","Flu","12341","Indian","0","01/01/2001","Computing","2018","Health","","","","10"
